<?xml version="1.0" encoding="UTF-8"?>
<!DOCTYPE mapper PUBLIC
	"-//mybatis.org//DTD Mapper 3.0//EN"
	"http://mybatis.org/dtd/mybatis-3-mapper.dtd">
	
<mapper namespace="com.itbank.repository.PostDAO">

	<select id="selectImage" resultType="image">
		select image.* from image 
       			join post
        		on image.post_idx = post.idx
    		where post.status = 'activate'
		order by image.idx desc
	</select>

	<select id="selectDetail" parameterType="int" resultType="post">
		select * from post
			where idx=#{post_idx} and status='activate'
		order by idx desc
	</select>
	
	<select id="selectImageName" parameterType="int" resultType="string">
		select file_name from image
			where post_idx=#{post_idx}
		order by idx desc
	</select>
	
	<update id="updateViews" parameterType="int">
		update post set views=views+1 where idx=#{post_idx}
	</update>
	
	<insert id="insertPost" parameterType="post">
		insert into post values(
			post_seq.nextval, #{users_idx}, #{content}, #{location}, sysdate, 'activate', 0 
		)
	</insert>
	
	<select id="getMaxIDX" parameterType="int" resultType="int">
		select max(idx) from post where users_idx=#{users_idx}
	</select>
	
	<insert id="insertImage" parameterType="image">
		insert into image values(
			image_seq.nextval, #{post_idx}, #{file_name}
		)
	</insert>
	
	<select id="getHashIDX" parameterType="string" resultType="integer">
		select idx from hashtag where hashtag=#{tag}
	</select>
	
	<insert id="insertPostHashTag" parameterType="hashmap">
		insert into post_hashtag values(
			post_hashtag_seq.nextval, #{post_idx}, #{tag}
		)
	</insert>
	
	<select id="getUsersIDX" parameterType="string" resultType="integer">
		select idx from users where nick_name=#{user}
	</select>
	
	<insert id="insertUserTag" parameterType="hashmap">
		insert into post_users_tag values(
			post_users_tag_seq.nextval, #{post_idx}, #{user}
		)
	</insert>
	
	<select id="selectLikeStatus" parameterType="hashmap" resultType="int">
		select count(*) from post_users_like where post_idx=#{post_idx} and users_idx=#{users_idx}
	</select>
	
	<insert id="insertLike" parameterType="hashmap">
		insert into post_users_like values(
			post_users_like_seq.nextval, #{post_idx}, #{users_idx}
		)
	</insert>
	
	<delete id="deleteLike" parameterType="hashmap">
		delete post_users_like where post_idx=#{post_idx} and users_idx=#{users_idx}
	</delete>
	
	<insert id="insertHashTag" parameterType="string">
		insert into hashtag values(
			hashtag_seq.nextval, #{tag}
		)		
	</insert>
	
	<delete id="deletePostHashTag" parameterType="int">
		delete post_hashtag where post_idx=#{post_idx}
	</delete>
	
	<select id="searchHashTag" parameterType="string" resultType="int">
		select count(*) from hashtag where hashtag=#{tag}
	</select>
	
	<select id="selectPostIDX" parameterType="int" resultType="integer">
		select idx from post where users_idx=#{users_idx} and status='activate' order by idx desc
	</select>
	
	<select id="selectPostImage" parameterType="int" resultType="image">
		select * from image where post_idx=#{post_idx}
	</select>
	
	<update id="updateStatus" parameterType="int">
		update post set status='deactivate'
			where idx=#{post_idx}
	</update>
	
	<select id="selectLikeCount" parameterType="int" resultType="int">
		select count(*) from post_users_like where post_idx=#{post_idx}
	</select>
	
	<update id="updatePost" parameterType="post">
		update post set content=#{content}, location=#{location}
			where idx=#{idx}
	</update>

</mapper>