<?xml version="1.0" encoding="UTF-8"?>
<!DOCTYPE mapper PUBLIC
	"-//mybatis.org//DTD Mapper 3.0//EN"
	"http://mybatis.org/dtd/mybatis-3-mapper.dtd">

<mapper namespace="com.itbank.repository.UsersDAO">

	<!-- 회원가입  -->
	<insert id="insert" parameterType="users">
		insert into users (email,
		name, nick_name, pw, gender, birth, phone_number) values
		(#{email}, #{name},
		#{nick_name}, #{pw}, #{gender}, #{birth} , #{phone_number})
	</insert>

	<!-- 로그인  -->
	<select id="login" parameterType="users" resultType="users">
		select *
		from users
		where
			phone_number = #{phone_number}
<!-- 				and -->
<!-- 					pw = #{pw} -->
	</select>

	<!-- 회원탈퇴  -->
	<update id="updateUserStatus" parameterType="int">
		update users
		set
		STATUS = 'deactivate'
		where
		idx = #{idx}

	</update>

	<!-- 개인정보 변경  -->
	<update id="infoUpdate" parameterType="users">
		update users
		<set>
			<if test="email != null">email = #{email},</if>
			<if test="gender != null">gender = #{gender},</if>
			<if test="birth != null">birth = #{birth},</if>
		</set>
		where
		idx = #{idx}
	</update>
	
	<!-- 비밀번호 변경  -->
	<update id="updatePw" parameterType="users">
		update users
			set 
				pw = #{pw}
			where
				phone_number = #{phone_number}
	</update>
	
	<!-- idx로 회원정보 가져오기 -->
	<select id="selectOne" parameterType="int" resultType="users">
		select *
		from users
		where idx = #{idx}
	</select>

	<!--  id중복확인   -->
	<select id="idCheck" parameterType="string" resultType="int">
		SELECT COUNT(*) FROM users WHERE email= #{id}
	</select>

	<!--  회원 목록  -->
	<select id="getList" parameterType="users" resultType="users">
		select * from users
	</select>
	
	<!-- 닉네임 중복 찾기 -->
	<select id="countUserNickName" parameterType="string" resultType="int">
		SELECT COUNT(*) FROM users WHERE nick_name= #{nickName}
	</select>
	
	<!-- 전화번호 중복 찾기 -->
	<select id="countUserPhoneNumber" parameterType="string" resultType="int">
		SELECT COUNT(*) FROM users WHERE phone_number= #{phoneNumber}
	</select>
	
	<!-- 검색 -->
	<select id="usersSearch" parameterType="string" resultType="users">
		select * from users where introduce like '%${search}%'
	</select>
	
	<!-- 이메일 전화번호로 유저확인 -->
	<select id="countUserEmailPhoneNumber" parameterType="hashmap" resultType="int">
		select count(*) from users where email=#{email} and phone_number=#{phone_number}
	</select>
	
</mapper>