<?xml version="1.0" encoding="UTF-8"?>
<beans:beans xmlns="http://www.springframework.org/schema/mvc"
	xmlns:xsi="http://www.w3.org/2001/XMLSchema-instance"
	xmlns:beans="http://www.springframework.org/schema/beans"
	xmlns:context="http://www.springframework.org/schema/context"
	xmlns:websocket="http://www.springframework.org/schema/websocket"
	xsi:schemaLocation="http://www.springframework.org/schema/websocket http://www.springframework.org/schema/websocket/spring-websocket-4.3.xsd
		http://www.springframework.org/schema/mvc https://www.springframework.org/schema/mvc/spring-mvc.xsd
		http://www.springframework.org/schema/beans https://www.springframework.org/schema/beans/spring-beans.xsd
		http://www.springframework.org/schema/context https://www.springframework.org/schema/context/spring-context.xsd">

	<!-- DispatcherServlet Context: defines this servlet's request-processing infrastructure -->
	
	<!-- Enables the Spring MVC @Controller programming model -->
	<annotation-driven>
		<message-converters>
			<beans:bean class="org.springframework.http.converter.StringHttpMessageConverter">
				<beans:property name="supportedMediaTypes">
					<beans:list>
						<beans:value>text/html; charset=utf-8</beans:value>
					</beans:list>
				</beans:property>
			</beans:bean>
		</message-converters>
	</annotation-driven>

	<!-- Handles HTTP GET requests for /resources/** by efficiently serving up static resources in the ${webappRoot}/resources directory -->
	<resources mapping="/resources/**" location="/resources/" />
	
	<resources mapping="/upload/**" location="file:/post_upload/" />
	
	<websocket:handlers allowed-origins="*">
		<websocket:mapping handler="chatComponent" path="/chat" />
		<websocket:sockjs websocket-enabled="true" />
	</websocket:handlers>
	
	<beans:bean id="chatComponent" class="com.itbank.component.ChatComponent" />

	<!-- Resolves views selected for rendering by @Controllers to .jsp resources in the /WEB-INF/views directory -->
	<beans:bean class="org.springframework.web.servlet.view.InternalResourceViewResolver">
		<beans:property name="prefix" value="/WEB-INF/views/" />
		<beans:property name="suffix" value=".jsp" />
	</beans:bean>
	
	<beans:bean id="multipartResolver" class="org.springframework.web.multipart.commons.CommonsMultipartResolver">
		<beans:property name="maxUploadSize" value="10485760" />
		<beans:property name="maxInMemorySize" value="10485760" />
		<beans:property name="defaultEncoding" value="utf-8" />
	</beans:bean>
	
<!-- 	<interceptors> -->
<!-- 		<interceptor>			 -->
<!-- 			<mapping path="/board/write" /> -->
<!-- 			<mapping path="/board/modify/**" /> -->
<!-- 			<mapping path="/board/delete/**" /> -->

			<!-- 인터셉터를 적용할 주소 -->
<!-- 			<mapping path="/board/**" /> -->
<!-- 			<mapping path="/member/mypage"/> -->
<!-- 			<mapping path="/member/modify/**"/> -->
<!-- 			<mapping path="/member/remove/**"/> -->
			
			<!--  인터셉터 대상에서 제외시킬 주소 -->
<!-- 			<exclude-mapping path="/board/board" /> -->
<!-- 			<exclude-mapping path="/board/list"/> -->
						
<!-- 			<beans:bean id="loginInterceptor" -->
<!-- 						class="com.itbank.interceptor.LoginInterceptor" />				 -->
<!-- 		</interceptor> -->
<!-- 	</interceptors> -->
	
	<view-controller path="/" view-name="home"/>
	<view-controller path="/post/list" view-name="post/list" />
	<context:component-scan base-package="com.itbank.controller" />	
	
</beans:beans>
